Plate,Well,Target,Assay ID,Assay Name,FP,RP,Design RefSeq,Blast Hits,Gene Symbol,Gene Aliases,Gene Full Name,GO Function,GO Process,GO Component
20614FDGP21T1_P01,A1,CASP1,GEA00044543,CASP1_44543_i4,AGGATCTGGGGTATACCGTGAA,GGCAGGCAGCAAATTCTTTCA,NM_009807.2,NM_009807.2,Casp1,IC|ICE|Il1|Casp|Il1bc,caspase 1,CARD domain binding|cysteine-type endopeptidase activity|cysteine-type endopeptidase activity|cysteine-type endopeptidase activity involved in apoptotic process|cysteine-type endopeptidase activity involved in apoptotic signaling pathway|cysteine-type endopeptidase activity involved in execution phase of apoptosis|cysteine-type peptidase activity|endopeptidase activity|hydrolase activity|identical protein binding|kinase binding|peptidase activity|protein binding|scaffold protein binding,"activation of cysteine-type endopeptidase activity involved in apoptotic process|apoptotic process|cellular response to interferon-gamma|cellular response to lipopolysaccharide|cellular response to organic substance|cytokine precursor processing|defense response to Gram-negative bacterium|interleukin-1 beta production|membrane hyperpolarization|memory|microglial cell activation|mitochondrial depolarization|myoblast fusion|positive regulation of I-kappaB kinase/NF-kappaB signaling|positive regulation of I-kappaB kinase/NF-kappaB signaling|positive regulation of apoptotic process|positive regulation of circadian sleep/wake cycle, non-REM sleep|positive regulation of cysteine-type endopeptidase activity involved in apoptotic process|positive regulation of cytokine production|positive regulation of cytokine production|positive regulation of interleukin-1 alpha production|positive regulation of interleukin-1 beta production|positive regulation of interleukin-1 beta production|positive regulation of interleukin-1 beta production|positive regulation of tumor necrosis factor-mediated signaling pathway|programmed necrotic cell death|protein autoprocessing|protein processing|protein processing|proteolysis|pyroptosis|pyroptosis|regulation of apoptotic process|regulation of autophagy|regulation of inflammatory response|regulation of inflammatory response|regulation of inflammatory response|response to ATP|response to bacterium|response to drug|response to hypoxia|response to hypoxia|response to lipopolysaccharide|response to lipopolysaccharide|response to organic cyclic compound|signaling receptor ligand precursor processing|toxin transport",AIM2 inflammasome complex|AIM2 inflammasome complex|IPAF inflammasome complex|IPAF inflammasome complex|NLRP1 inflammasome complex|NLRP3 inflammasome complex|NLRP3 inflammasome complex|cytoplasm|cytoplasm|cytoplasm|cytosol|extracellular region|membrane|neuron projection|nucleus|plasma membrane|protease inhibitor complex|protein-containing complex
20614FDGP21T1_P01,B1,CXCL9,GEA00012831,CXCL9_12831_i1,AGCCCCAATTGCAACAAAAC,TCTTCACATTTGCCGAGTCC,NM_008599.4,NM_008599.4,Cxcl9,Mi|CMK|Mig|Scyb|MuMIG|Scyb9|crg-1|crg-10|BB139920,chemokine (C-X-C motif) ligand 9,CXCR chemokine receptor binding|chemokine activity|cytokine activity,antimicrobial humoral immune response mediated by antimicrobial peptide|cellular response to lipopolysaccharide|chemokine-mediated signaling pathway|chemotaxis|defense response|defense response to virus|immune response|inflammatory response|neutrophil chemotaxis|positive regulation of myoblast differentiation|positive regulation of myoblast fusion|response to bacterium,external side of plasma membrane|extracellular region|extracellular space|extracellular space
20614FDGP21T1_P01,C1,CXCR3,GEA00035253,CXCR3_35253_i0,ACCAGCCAAGCCATGTACC,GGGAGAGGTGCTGTTTTCCA,NM_009910.2,NM_009910.2,Cxcr3,Cmka|Cxcr|Cd183|Cmkar3,chemokine (C-X-C motif) receptor 3,C-C chemokine binding|C-C chemokine receptor activity|C-X-C chemokine binding|C-X-C chemokine receptor activity|G protein-coupled receptor activity|chemokine binding|chemokine receptor activity|signaling receptor activity,G protein-coupled receptor signaling pathway|T cell chemotaxis|adenylate cyclase-activating G protein-coupled receptor signaling pathway|angiogenesis|calcium-mediated signaling|calcium-mediated signaling|cell chemotaxis|cell surface receptor signaling pathway|chemotaxis|chemotaxis|immune response|inflammatory response|negative regulation of angiogenesis|negative regulation of endothelial cell proliferation|negative regulation of execution phase of apoptosis|positive regulation of angiogenesis|positive regulation of cell population proliferation|positive regulation of chemotaxis|positive regulation of cytosolic calcium ion concentration|positive regulation of cytosolic calcium ion concentration|positive regulation of execution phase of apoptosis|positive regulation of release of sequestered calcium ion into cytosol|positive regulation of transcription by RNA polymerase II|regulation of cell adhesion|regulation of leukocyte migration|signal transduction,cell surface|external side of plasma membrane|external side of plasma membrane|external side of plasma membrane|integral component of membrane|membrane|plasma membrane
20614FDGP21T1_P01,D1,GAPDH,GEP00055172,GAPDH_55172_e4,CAAGGTCATCCCAGAGCTGAA,CAGATCCACGACGGACACA,NM_008084.2,NR_002890|NM_008084,Gapdh,Ga|Gapd,glyceraldehyde-3-phosphate dehydrogenase,"NAD binding|NADP binding|aspartic-type endopeptidase inhibitor activity|disordered domain specific binding|enzyme binding|glyceraldehyde-3-phosphate dehydrogenase (NAD+) (phosphorylating) activity|glyceraldehyde-3-phosphate dehydrogenase (NAD+) (phosphorylating) activity|glyceraldehyde-3-phosphate dehydrogenase (NAD+) (phosphorylating) activity|glyceraldehyde-3-phosphate dehydrogenase (NAD+) (phosphorylating) activity|identical protein binding|microtubule binding|oxidoreductase activity|oxidoreductase activity, acting on the aldehyde or oxo group of donors, NAD or NADP as acceptor|peptidyl-cysteine S-nitrosylase activity|protein binding|transferase activity",antimicrobial humoral immune response mediated by antimicrobial peptide|apoptotic process|cAMP-mediated signaling|carbohydrate metabolic process|cellular response to interferon-gamma|defense response to fungus|gluconeogenesis|glucose metabolic process|glycolytic process|glycolytic process|killing by host of symbiont cells|killing of cells of other organism|microtubule cytoskeleton organization|multicellular organism development|negative regulation of endopeptidase activity|negative regulation of translation|negative regulation of translation|negative regulation of vascular associated smooth muscle cell apoptotic process|neuron apoptotic process|peptidyl-cysteine S-trans-nitrosylation|positive regulation of I-kappaB kinase/NF-kappaB signaling|positive regulation of cytokine production|positive regulation of type I interferon production|protein stabilization|regulation of translation|response to ammonium ion,"GAIT complex|GAIT complex|cytoplasm|cytoplasm|cytoskeleton|cytosol|cytosol|cytosol|cytosol|glutamatergic synapse|intracellular membrane-bounded organelle|late endosome lumen|lipid droplet|microtubule cytoskeleton|mitochondrion|myelin sheath|nuclear membrane|nucleus|plasma membrane|plasma membrane|postsynaptic density, intracellular component|ribonucleoprotein complex"
20614FDGP21T1_P01,E1,IDO1,GEP00113788,IDO1_113788_i6,ACTGCACGACATAGCTACCA,ACGTGTCTGGGTCCACAAA,NM_001293690.N,NM_008324|NM_001293690,Ido1,I|Ido|Indo,"indoleamine 2,3-dioxygenase 1","amino acid binding|dioxygenase activity|heme binding|indoleamine 2,3-dioxygenase activity|indoleamine 2,3-dioxygenase activity|metal ion binding|oxidoreductase activity|oxygen binding|protein binding|tryptophan 2,3-dioxygenase activity|tryptophan 2,3-dioxygenase activity",de novo' NAD biosynthetic process from tryptophan|cytokine production involved in inflammatory response|defense response|immune system process|inflammatory response|kynurenic acid biosynthetic process|multicellular organismal response to stress|negative regulation of T cell apoptotic process|negative regulation of T cell proliferation|negative regulation of activated T cell proliferation|negative regulation of interleukin-10 production|positive regulation of T cell apoptotic process|positive regulation of T cell tolerance induction|positive regulation of apoptotic process|positive regulation of chronic inflammatory response|positive regulation of interleukin-12 production|positive regulation of type 2 immune response|response to lipopolysaccharide|swimming behavior|tryptophan catabolic process|tryptophan catabolic process to kynurenine|tryptophan catabolic process to kynurenine|tryptophan catabolic process to kynurenine,cytoplasm|cytoplasm|cytosol|smooth muscle contractile fiber|stereocilium bundle
20614FDGP21T1_P01,F1,IFNG,GEP00055425,IFNG_55425_i0,CCACGGCACAGTCATTGAAA,GCCAGTTCCTCCAGATATCCAA,NM_008337.3,NM_008337,Ifng,If|Ifg|If2f|IFN-g,interferon gamma,cytokine activity|cytokine activity|interferon-gamma receptor binding|protein binding,"CD8-positive, alpha-beta T cell differentiation involved in immune response|T cell receptor signaling pathway|adaptive immune response|adaptive immune response|antigen processing and presentation|apoptotic process|astrocyte activation|astrocyte activation|cellular response to interleukin-18|cellular response to lipopolysaccharide|defense response to Gram-positive bacterium|defense response to bacterium|defense response to protozoan|defense response to protozoan|defense response to virus|defense response to virus|endoplasmic reticulum unfolded protein response|extrinsic apoptotic signaling pathway|humoral immune response|humoral immune response|immune response|inflammatory cell apoptotic process|interferon-gamma-mediated signaling pathway|interferon-gamma-mediated signaling pathway|macrophage activation involved in immune response|macrophage differentiation|microglial cell activation|microglial cell activation|microglial cell activation|negative regulation of amyloid-beta clearance|negative regulation of amyloid-beta clearance|negative regulation of cell population proliferation|negative regulation of epithelial cell differentiation|negative regulation of fibroblast proliferation|negative regulation of gene expression|negative regulation of gene expression|negative regulation of glomerular mesangial cell proliferation|negative regulation of interleukin-17 production|negative regulation of myelination|negative regulation of osteoclast differentiation|negative regulation of smooth muscle cell proliferation|negative regulation of tau-protein kinase activity|negative regulation of transcription by RNA polymerase II|negative regulation of transcription, DNA-templated|negative regulation of transcription, DNA-templated|neuroinflammatory response|neutrophil apoptotic process|neutrophil chemotaxis|neutrophil chemotaxis|positive regulation by host of viral process|positive regulation of CD4-positive, CD25-positive, alpha-beta regulatory T cell differentiation involved in immune response|positive regulation of MHC class II biosynthetic process|positive regulation of MHC class II biosynthetic process|positive regulation of MHC class II biosynthetic process|positive regulation of NMDA glutamate receptor activity|positive regulation of T cell proliferation|positive regulation of amyloid-beta formation|positive regulation of amyloid-beta formation|positive regulation of amyloid-beta formation|positive regulation of apoptotic process|positive regulation of autophagy|positive regulation of calcidiol 1-monooxygenase activity|positive regulation of cell adhesion|positive regulation of cell population proliferation|positive regulation of cellular respiration|positive regulation of chemokine production|positive regulation of chemokine production|positive regulation of chemokine production|positive regulation of core promoter binding|positive regulation of cytokine production|positive regulation of epithelial cell migration|positive regulation of fructose 1,6-bisphosphate 1-phosphatase activity|positive regulation of fructose 1,6-bisphosphate metabolic process|positive regulation of gene expression|positive regulation of gene expression|positive regulation of glycolytic process|positive regulation of inflammatory response|positive regulation of interleukin-1 beta production|positive regulation of interleukin-1 beta production|positive regulation of interleukin-12 production|positive regulation of interleukin-12 production|positive regulation of interleukin-23 production|positive regulation of interleukin-6 production|positive regulation of interleukin-6 production|positive regulation of interleukin-6 production|positive regulation of iron ion import across plasma membrane|positive regulation of isotype switching to IgG isotypes|positive regulation of killing of cells of other organism|positive regulation of membrane protein ectodomain proteolysis|positive regulation of neurogenesis|positive regulation of neuron death|positive regulation of neuron death|positive regulation of neuron differentiation|positive regulation of nitric oxide biosynthetic process|positive regulation of nitric oxide biosynthetic process|positive regulation of nitric-oxide synthase biosynthetic process|positive regulation of nitric-oxide synthase biosynthetic process|positive regulation of nitrogen compound metabolic process|positive regulation of nitrogen compound metabolic process|positive regulation of osteoclast differentiation|positive regulation of peptidyl-serine phosphorylation of STAT protein|positive regulation of phagocytosis|positive regulation of protein deacetylation|positive regulation of protein deacetylation|positive regulation of protein import into nucleus|positive regulation of protein phosphorylation|positive regulation of protein serine/threonine kinase activity|positive regulation of protein-containing complex assembly|positive regulation of signaling receptor activity|positive regulation of smooth muscle cell apoptotic process|positive regulation of synaptic transmission, cholinergic|positive regulation of transcription by RNA polymerase II|positive regulation of transcription by RNA polymerase II|positive regulation of transcription, DNA-templated|positive regulation of tumor necrosis factor (ligand) superfamily member 11 production|positive regulation of tumor necrosis factor production|positive regulation of tumor necrosis factor production|positive regulation of tyrosine phosphorylation of STAT protein|positive regulation of tyrosine phosphorylation of STAT protein|positive regulation of vitamin D biosynthetic process|receptor signaling pathway via JAK-STAT|regulation of cell cycle|regulation of defense response to virus by host|regulation of glial cell proliferation|regulation of growth|regulation of hepatocyte proliferation|regulation of immune response|regulation of insulin secretion|regulation of neuronal action potential|regulation of protein ADP-ribosylation|regulation of the force of heart contraction|regulation of transcription, DNA-templated|response to virus|sensory perception of mechanical stimulus",cytoplasm|external side of plasma membrane|extracellular region|extracellular space|extracellular space|extracellular space|neuron projection|perikaryon
20614FDGP21T1_P01,G1,IL10,GEA00002698,IL10_2698_i1,AAAGGACCAGCTGGACAACA,TAAGGCTTGGCAACCCAAGTA,NM_010548.2,NM_010548.2,Il10,IL-|CSIF|If2a|Il-10,interleukin 10,cytokine activity|cytokine activity|interleukin-10 receptor binding|protein dimerization activity,"branching involved in labyrinthine layer morphogenesis|cellular response to hepatocyte growth factor stimulus|cellular response to lipopolysaccharide|cellular response to lipopolysaccharide|defense response to bacterium|defense response to protozoan|immune response|negative regulation of B cell proliferation|negative regulation of MHC class II biosynthetic process|negative regulation of apoptotic process|negative regulation of autophagy|negative regulation of cell population proliferation|negative regulation of chronic inflammatory response to antigenic stimulus|negative regulation of cytokine activity|negative regulation of cytokine production|negative regulation of cytokine production|negative regulation of cytokine production involved in immune response|negative regulation of endothelial cell apoptotic process|negative regulation of heterotypic cell-cell adhesion|negative regulation of hydrogen peroxide-induced neuron death|negative regulation of inflammatory response|negative regulation of inflammatory response|negative regulation of inflammatory response|negative regulation of interferon-gamma production|negative regulation of interleukin-12 production|negative regulation of interleukin-6 production|negative regulation of membrane protein ectodomain proteolysis|negative regulation of myeloid dendritic cell activation|negative regulation of neuron apoptotic process|negative regulation of nitric oxide biosynthetic process|negative regulation of sensory perception of pain|negative regulation of tumor necrosis factor production|negative regulation of tumor necrosis factor production|negative regulation of vascular associated smooth muscle cell proliferation|positive regulation of B cell apoptotic process|positive regulation of DNA-binding transcription factor activity|positive regulation of MHC class II biosynthetic process|positive regulation of cell cycle|positive regulation of cytokine production|positive regulation of endothelial cell proliferation|positive regulation of immunoglobulin production|positive regulation of macrophage activation|positive regulation of plasma cell differentiation|positive regulation of pri-miRNA transcription by RNA polymerase II|positive regulation of receptor signaling pathway via JAK-STAT|positive regulation of signaling receptor activity|positive regulation of sprouting angiogenesis|positive regulation of transcription by RNA polymerase II|positive regulation of transcription, DNA-templated|regulation of gene expression|regulation of response to wounding|regulation of sensory perception of pain|regulation of synapse organization|response to glucocorticoid|response to molecule of bacterial origin",extracellular region|extracellular space|extracellular space
20614FDGP21T1_P01,H1,IL12A,GEA00002715,IL12A_2715_i3,AAACCAGCACATTGAAGACC,GGAAGAAGTCTCTCTAGTAGCC,NM_001159424.1,NM_001159424.1|NM_008351.2,Il12a,p3|p35|IL-12|Ll12a|Il-12a|IL-12p35,interleukin 12a,cytokine activity|cytokine activity|growth factor activity|interleukin-12 beta subunit binding|interleukin-12 beta subunit binding|interleukin-12 receptor binding|interleukin-27 binding|protein binding|protein heterodimerization activity,T-helper 1 cell activation|T-helper 1 cell cytokine production|cell migration|cell population proliferation|cell population proliferation|cellular response to lipopolysaccharide|cellular response to virus|defense response to protozoan|defense response to protozoan|extrinsic apoptotic signaling pathway|immune response|negative regulation of blood vessel endothelial cell proliferation involved in sprouting angiogenesis|negative regulation of interleukin-17 production|negative regulation of protein secretion|negative regulation of smooth muscle cell proliferation|negative regulation of vascular endothelial growth factor signaling pathway|positive regulation of NK T cell activation|positive regulation of T cell differentiation|positive regulation of T cell mediated cytotoxicity|positive regulation of T cell proliferation|positive regulation of cell adhesion|positive regulation of dendritic cell chemotaxis|positive regulation of interferon-gamma production|positive regulation of interferon-gamma production|positive regulation of interferon-gamma production|positive regulation of lymphocyte proliferation|positive regulation of mononuclear cell proliferation|positive regulation of natural killer cell activation|positive regulation of natural killer cell mediated cytotoxicity|positive regulation of natural killer cell mediated cytotoxicity directed against tumor cell target|positive regulation of smooth muscle cell apoptotic process|positive regulation of tyrosine phosphorylation of STAT protein|regulation of cell cycle|response to UV-B|response to lipopolysaccharide,Golgi lumen|cell surface|cytoplasm|endoplasmic reticulum lumen|endosome lumen|extracellular region|extracellular region|extracellular space|extracellular space|interleukin-12 complex|interleukin-12 complex|interleukin-12 complex
20614FDGP21T1_P01,A2,IL13,GEP00055427,IL13_55427_i0,GCTTATTGAGGAGCTGAGCAA,CAGGTCCACACTCCATACCA,NM_008355.3,NM_008355,Il13,Il-|Il-13,interleukin 13,cytokine activity|cytokine receptor binding|interleukin-13 receptor binding|protein binding,cellular response to cytokine stimulus|immune response|inflammatory response|macrophage activation|microglial cell activation|negative regulation of NAD(P)H oxidase activity|negative regulation of complement-dependent cytotoxicity|negative regulation of endothelial cell apoptotic process|negative regulation of inflammatory response|negative regulation of neuron death|negative regulation of transforming growth factor beta production|positive regulation of B cell proliferation|positive regulation of cold-induced thermogenesis|positive regulation of connective tissue growth factor production|positive regulation of gene expression|positive regulation of gene expression|positive regulation of immunoglobulin production|positive regulation of immunoglobulin production|positive regulation of immunoglobulin production|positive regulation of interleukin-10 production|positive regulation of ion transport|positive regulation of macrophage activation|positive regulation of mast cell degranulation|positive regulation of mast cell degranulation|positive regulation of pancreatic stellate cell proliferation|positive regulation of protein secretion|positive regulation of release of sequestered calcium ion into cytosol|positive regulation of smooth muscle cell proliferation|positive regulation of tyrosine phosphorylation of STAT protein|regulation of proton transport|response to nicotine,cytoplasm|external side of plasma membrane|extracellular region|extracellular space|extracellular space
20614FDGP21T1_P01,B2,IL17A,GEP00089147,IL17A_89147_i1,CAGACTACCTCAACCGTTCCA,CACTGAGCTTCCCAGATCACA,NM_010552.,NM_010552,Il17a,Il|Ctl|IL-|Ctla|Il17|Ctla8|IL-17|Ctla-8|IL-17A,interleukin 17A,cytokine activity|protein binding|protein heterodimerization activity|protein homodimerization activity,adaptive immune response|cellular response to glucocorticoid stimulus|cellular response to interleukin-1|defense response to Gram-negative bacterium|defense response to Gram-positive bacterium|defense response to Gram-positive bacterium|defense response to fungus|fibroblast activation|granulocyte migration|immune system process|inflammatory response|inflammatory response|innate immune response|interleukin-17-mediated signaling pathway|intestinal epithelial structure maintenance|positive regulation of antimicrobial peptide production|positive regulation of bicellular tight junction assembly|positive regulation of chemokine (C-X-C motif) ligand 1 production|positive regulation of chemokine (C-X-C motif) ligand 1 production|positive regulation of cytokine production involved in inflammatory response|positive regulation of cytokine production involved in inflammatory response|positive regulation of cytokine production involved in inflammatory response|positive regulation of interleukin-1 beta production|positive regulation of interleukin-12 production|positive regulation of interleukin-16 production|positive regulation of interleukin-23 production|positive regulation of interleukin-6 production|positive regulation of interleukin-6 production|positive regulation of necrotic cell death|positive regulation of osteoclast differentiation|positive regulation of transcription by RNA polymerase II|positive regulation of transcription by RNA polymerase II|positive regulation of tumor necrosis factor production,cytoplasm|external side of plasma membrane|extracellular region|extracellular space|extracellular space
20614FDGP21T1_P01,C2,IL1RN,GEA00038094,IL1RN_38094_i1,AGCTCATTGCTGGGTACTTACA,TGGATGCCCAAGAACACACTA,NM_001039701.3,NM_001159562.1|NM_001039701.3|NM_031167.5,Il1rn,IL|IL-1ra|F630041P17Rik,interleukin 1 receptor antagonist,"cytokine activity|interleukin-1 receptor antagonist activity|interleukin-1 receptor antagonist activity|interleukin-1 receptor binding|interleukin-1 type I receptor antagonist activity|interleukin-1 type II receptor antagonist activity|interleukin-1, type I receptor binding|interleukin-1, type II receptor binding",acute-phase response|fever generation|immune response|inflammatory response|inflammatory response to antigenic stimulus|insulin secretion|lipid metabolic process|memory|negative regulation of apoptotic process|negative regulation of cell migration|negative regulation of glutamate secretion|negative regulation of heterotypic cell-cell adhesion|negative regulation of interleukin-1-mediated signaling pathway|negative regulation of interleukin-1-mediated signaling pathway|negative regulation of membrane potential|positive regulation of JUN kinase activity|response to glucocorticoid|sensory perception of pain,cytoplasm|extracellular region|extracellular space|extracellular space|vesicle
20614FDGP21T1_P01,D2,IL6,GEP00062239,IL6_62239_i2,CGATGATGCACTTGCAGAAA,ACTCCAGAAGACCAGAGGAA,NM_031168.1,NM_031168,Il6,Il|Il-6,interleukin 6,cytokine activity|cytokine activity|growth factor activity|interleukin-6 receptor binding|interleukin-6 receptor binding|interleukin-6 receptor binding|protein binding|signaling receptor binding,"T cell activation|T follicular helper cell differentiation|T-helper 17 cell lineage commitment|T-helper 17 cell lineage commitment|acute-phase response|branching involved in salivary gland morphogenesis|branching involved in salivary gland morphogenesis|cell redox homeostasis|cellular response to hepatocyte growth factor stimulus|cellular response to hydrogen peroxide|cellular response to interleukin-1|cellular response to lipopolysaccharide|cellular response to lipopolysaccharide|cellular response to tumor necrosis factor|cellular response to virus|cytokine-mediated signaling pathway|defense response to protozoan|defense response to virus|endocrine pancreas development|epithelial cell proliferation involved in salivary gland morphogenesis|gene expression|germinal center B cell differentiation|glucagon secretion|glucose homeostasis|glucose homeostasis|glucose homeostasis|hepatic immune response|hepatocyte proliferation|immune response|inflammatory response|interleukin-6-mediated signaling pathway|interleukin-6-mediated signaling pathway|interleukin-6-mediated signaling pathway|interleukin-6-mediated signaling pathway|liver regeneration|muscle cell cellular homeostasis|myeloid cell homeostasis|negative regulation of apoptotic process|negative regulation of bone resorption|negative regulation of bone resorption|negative regulation of cell population proliferation|negative regulation of chemokine production|negative regulation of chemokine production|negative regulation of collagen biosynthetic process|negative regulation of cysteine-type endopeptidase activity involved in apoptotic process|negative regulation of gluconeogenesis|negative regulation of hormone secretion|negative regulation of interleukin-1-mediated signaling pathway|negative regulation of membrane potential|negative regulation of muscle organ development|negative regulation of neuron death|negative regulation of primary miRNA processing|negative regulation of protein kinase activity|neuron projection development|neutrophil apoptotic process|neutrophil apoptotic process|neutrophil apoptotic process|positive regulation of B cell activation|positive regulation of DNA replication|positive regulation of DNA-binding transcription factor activity|positive regulation of ERK1 and ERK2 cascade|positive regulation of MAPK cascade|positive regulation of T cell proliferation|positive regulation of T-helper 2 cell cytokine production|positive regulation of T-helper 2 cell differentiation|positive regulation of acute inflammatory response|positive regulation of apoptotic DNA fragmentation|positive regulation of apoptotic process|positive regulation of cell population proliferation|positive regulation of cell proliferation in bone marrow|positive regulation of chemokine production|positive regulation of cytokine production involved in inflammatory response|positive regulation of epithelial cell proliferation|positive regulation of epithelial cell proliferation|positive regulation of epithelial to mesenchymal transition|positive regulation of extracellular matrix disassembly|positive regulation of gene expression|positive regulation of gene expression|positive regulation of glial cell proliferation|positive regulation of gliogenesis|positive regulation of immunoglobulin production|positive regulation of immunoglobulin production|positive regulation of interleukin-1 beta production|positive regulation of interleukin-10 production|positive regulation of interleukin-17 production|positive regulation of interleukin-21 production|positive regulation of interleukin-6 production|positive regulation of interleukin-8 production|positive regulation of leukocyte adhesion to vascular endothelial cell|positive regulation of neuron differentiation|positive regulation of neuron projection development|positive regulation of nitric oxide biosynthetic process|positive regulation of osteoblast differentiation|positive regulation of peptidyl-serine phosphorylation|positive regulation of peptidyl-tyrosine phosphorylation|positive regulation of production of miRNAs involved in gene silencing by miRNA|positive regulation of protein import into nucleus|positive regulation of protein kinase B signaling|positive regulation of receptor signaling pathway via JAK-STAT|positive regulation of receptor signaling pathway via JAK-STAT|positive regulation of receptor signaling pathway via STAT|positive regulation of receptor signaling pathway via STAT|positive regulation of smooth muscle cell proliferation|positive regulation of transcription by RNA polymerase II|positive regulation of transcription by RNA polymerase II|positive regulation of transcription by RNA polymerase II|positive regulation of transcription, DNA-templated|positive regulation of transcription, DNA-templated|positive regulation of translation|positive regulation of transmission of nerve impulse|positive regulation of tumor necrosis factor production|positive regulation of tyrosine phosphorylation of STAT protein|positive regulation of vascular endothelial growth factor production|regulation of apoptotic process|regulation of cell population proliferation|regulation of cell shape|regulation of circadian sleep/wake cycle, non-REM sleep|regulation of glucagon secretion|regulation of glucagon secretion|regulation of insulin secretion|regulation of insulin secretion|regulation of vascular endothelial growth factor production|response to activity|response to glucocorticoid|response to wounding|vascular endothelial growth factor production",cytoplasm|external side of plasma membrane|extracellular region|extracellular space|extracellular space|interleukin-6 receptor complex|interleukin-6 receptor complex
20614FDGP21T1_P01,E2,IRGM1,GEP00117674,IRGM1_117674_e2,AACATGGGCGAGTGTCTGAA,TACTCTGGGCTACCTGCTGAA,NM_008326.N,NM_008326|NM_001355757,Irgm1,If|Ii|Ir|Ifi1|Irgm|LRG-|Iigp3|Iipg3|Ifggd3,immunity-related GTPase family M member 1,GTP binding|GTPase activity|hydrolase activity|nucleotide binding,autophagosome assembly|autophagy|cellular response to interferon-beta|cellular response to interferon-gamma|defense response|defense response|immune system process|innate immune response|positive regulation by symbiont of host autophagy|positive regulation of autophagosome maturation|positive regulation of interferon-gamma-mediated signaling pathway|response to bacterium,Golgi apparatus|autolysosome|autophagosome|cell projection|cytoplasmic vesicle|endoplasmic reticulum|endoplasmic reticulum membrane|endosome|late endosome|lysosome|membrane|phagocytic vesicle|plasma membrane
20614FDGP21T1_P01,F2,MPO,GEP00111979,MPO_111979_i10,GACTGGATTTGCCTGCTCTTAAC,AAGCGTCTCCAGGCATTGTA,NM_010824.N,NM_010824,Mpo,mKIAA4033,myeloperoxidase,heme binding|heparin binding|metal ion binding|oxidoreductase activity|peroxidase activity|peroxidase activity|peroxidase activity|peroxidase activity,defense response|defense response to Gram-positive bacterium|defense response to bacterium|defense response to fungus|hydrogen peroxide catabolic process|hydrogen peroxide catabolic process|hydrogen peroxide catabolic process|hypochlorous acid biosynthetic process|low-density lipoprotein particle remodeling|removal of superoxide radicals|respiratory burst involved in defense response|response to oxidative stress|response to yeast,azurophil granule|extracellular space|extracellular space|intracellular membrane-bounded organelle|lysosome|mitochondrion|nucleoplasm|secretory granule
20614FDGP21T1_P01,G2,MUC2,GEP00115097,MUC2_115097_i28,CAGCACACCAACCAAAACCA,CACAGCCACCAGGTCTCATTA,NM_023566.N,NM_023566,Muc2,MCM|wnn|2010015E03Rik,mucin 2,protein binding,apoptotic process|epithelial cell development|maintenance of gastrointestinal epithelium|negative regulation of cell migration|negative regulation of cell population proliferation|positive regulation of apoptotic process,collagen-containing extracellular matrix|extracellular matrix|extracellular region|inner mucus layer|mucus layer|outer mucus layer
20614FDGP21T1_P01,H2,MUC5AC,GEP00117675,MUC5AC_117675_i44,TACCGAAGACCTGCCCTTTTA,TTCCCAGGTTCTGCCCATAA,NM_010844.N,NM_010844,Muc5ac,MGM|2210005L13Rik,"mucin 5, subtypes A and C, tracheobronchial/gastric",protein binding,maintenance of lens transparency|phosphatidylinositol-mediated signaling,cytoplasm|extracellular matrix|extracellular space|extracellular space|extracellular space|mucus layer
20614FDGP21T1_P01,A3,MYD88,GEA00040896,MYD88_40896_i0,GCCTTGTTAGACCGTGAGGATA,TCCTGGTTCTGCTGCTTACC,NM_010851.2,NM_010851.2,Myd88,,myeloid differentiation primary response gene 88,TIR domain binding|Toll binding|Toll-like receptor binding|Toll-like receptor binding|identical protein binding|interleukin-1 receptor binding|interleukin-1 receptor binding|protein binding|protein self-association|signaling receptor binding,3'-UTR-mediated mRNA stabilization|JNK cascade|MyD88-dependent toll-like receptor signaling pathway|MyD88-dependent toll-like receptor signaling pathway|Toll signaling pathway|Toll signaling pathway|apoptotic process|cell surface receptor signaling pathway|cellular response to lipopolysaccharide|cellular response to oxidised low-density lipoprotein particle stimulus|cytokine-mediated signaling pathway|defense response to Gram-positive bacterium|defense response to Gram-positive bacterium|defense response to Gram-positive bacterium|defense response to bacterium|defense response to protozoan|defense response to virus|establishment of endothelial intestinal barrier|immune response|immune system process|immunoglobulin mediated immune response|induced systemic resistance|inflammatory response|innate immune response|interleukin-1-mediated signaling pathway|leukocyte activation involved in inflammatory response|lipopolysaccharide-mediated signaling pathway|neutrophil activation involved in immune response|neutrophil-mediated killing of bacterium|phagocytosis|phagocytosis|positive regulation of I-kappaB kinase/NF-kappaB signaling|positive regulation of I-kappaB kinase/NF-kappaB signaling|positive regulation of JNK cascade|positive regulation of NF-kappaB transcription factor activity|positive regulation of NF-kappaB transcription factor activity|positive regulation of NF-kappaB transcription factor activity|positive regulation of NF-kappaB transcription factor activity|positive regulation of NLRP3 inflammasome complex assembly|positive regulation of chemokine production|positive regulation of cytokine production involved in inflammatory response|positive regulation of cytokine production involved in inflammatory response|positive regulation of gene expression|positive regulation of gene expression|positive regulation of interleukin-1 beta production|positive regulation of interleukin-17 production|positive regulation of interleukin-23 production|positive regulation of interleukin-6 production|positive regulation of interleukin-6 production|positive regulation of interleukin-8 production|positive regulation of lymphocyte proliferation|positive regulation of smooth muscle cell proliferation|positive regulation of tumor necrosis factor production|positive regulation of tumor necrosis factor production|positive regulation of type I interferon production|regulation of cell population proliferation|regulation of chemokine (C-X-C motif) ligand 1 production|regulation of chemokine (C-X-C motif) ligand 2 production|regulation of gene expression|regulation of inflammatory response|regulation of interleukin-6 production|regulation of neutrophil migration|regulation of tumor necrosis factor production|response to interleukin-1|response to lipopolysaccharide|response to lipopolysaccharide|response to molecule of fungal origin|response to peptidoglycan|response to virus|signal transduction|toll-like receptor 8 signaling pathway|transmembrane receptor protein serine/threonine kinase signaling pathway|type I interferon production|type I interferon signaling pathway,cytoplasm|cytoplasm|cytosol|nucleus|plasma membrane|plasma membrane|postsynaptic density|protein-containing complex
20614FDGP21T1_P01,B3,NCR1,GEP00113888,NCR1_113888_i2,GAGTGGAGAGCTCTGGTCAAA,CCAGAGGTTGGGTGTGTCATA,NM_010746.N,NM_001368364|NM_010746,Ncr1,Ly9|NKp|Ly94|NKp46,natural cytotoxicity triggering receptor 1,protein binding,defense response to virus|detection of virus,cell surface|integral component of membrane|membrane|plasma membrane
20614FDGP21T1_P01,C3,PPIB,GEP00117673,PPIB_117673_i0,TCCGTGGCCAACGATAAGAA,CTCGTCCTACAGATTCATCTCCAA,NM_011149.N,NM_011149,Ppib,Cph|Cphn|Cphn2|Cphn-2|CyP-20|CyP-20b|AA408962|AA553318|AI844835,peptidylprolyl isomerase B,RNA polymerase binding|cyclosporin A binding|cyclosporin A binding|isomerase activity|peptidyl-prolyl cis-trans isomerase activity|peptidyl-prolyl cis-trans isomerase activity|protein binding,bone development|neutrophil chemotaxis|positive regulation by host of viral genome replication|positive regulation by host of viral process|positive regulation of multicellular organism growth|protein folding|protein peptidyl-prolyl isomerization|protein peptidyl-prolyl isomerization|protein stabilization,cytoplasm|endoplasmic reticulum|endoplasmic reticulum chaperone complex|intracellular membrane-bounded organelle|nucleoplasm|perinuclear region of cytoplasm|smooth endoplasmic reticulum
20614FDGP21T1_P01,D3,PRF1,GEP00113948,PRF1_113948_i1,CACAGTAGAGTGTCGCATGT,GATGAGCCTGTGGTAAGCAT,NM_011073.N,NM_011073,Prf1,P|pe|Pfn|Pfp|Prf|Prf-1,perforin 1 (pore forming protein),calcium ion binding|identical protein binding|metal ion binding|wide pore channel activity|wide pore channel activity,T cell mediated cytotoxicity|apoptotic process|circadian rhythm|cytolysis|cytolysis|defense response to tumor cell|defense response to virus|immune response to tumor cell|immunological synapse formation|positive regulation of killing of cells of other organism|protein homooligomerization|protein homooligomerization,cytolytic granule|cytolytic granule|cytoplasmic vesicle|cytoplasmic vesicle|cytosol|endosome|extracellular region|extracellular space|integral component of membrane|integral component of membrane|membrane|plasma membrane
20614FDGP21T1_P01,E3,RETNLB,GEP00115096,RETNLB_115096_i2,CCTAAGACGATCTCCTGCACTA,AGCACATCCAGTGACAACCA,NM_023881.N,NM_023881,Retnlb,Rel|Xcp|Fizz|Xcp3|Fizz2|Relmb|RELMbeta|9030012B21Rik,resistin like beta,hormone activity,response to bacterium,extracellular region|extracellular space
20614FDGP21T1_P01,F3,SOCS1,GEA00012647,SOCS1_12647_e1,ATCCGCGTGCACTTCCA,AGCTCGAAAAGGCAGTCGAA,NM_009896.2,NM_009896.2,Socs1,JA|SS|Cis|JAB|SOC|Cish1|Cish7|SSI-1|SOCS-1,suppressor of cytokine signaling 1,1-phosphatidylinositol-3-kinase regulator activity|insulin-like growth factor receptor binding|kinase inhibitor activity|protein binding|protein kinase binding,"cellular response to amino acid stimulus|cellular response to cytokine stimulus|cellular response to organic cyclic compound|cytokine-mediated signaling pathway|cytokine-mediated signaling pathway|fat cell differentiation|intracellular signal transduction|negative regulation of CD8-positive, alpha-beta T cell differentiation|negative regulation of insulin receptor signaling pathway|negative regulation of receptor signaling pathway via JAK-STAT|negative regulation of receptor signaling pathway via JAK-STAT|negative regulation of signal transduction|negative regulation of tyrosine phosphorylation of STAT protein|negative regulation of tyrosine phosphorylation of STAT protein|phosphatidylinositol phosphate biosynthetic process|positive regulation of CD4-positive, alpha-beta T cell differentiation|positive regulation of regulatory T cell differentiation|receptor signaling pathway via JAK-STAT|regulation of activation of Janus kinase activity|regulation of cytokine production|regulation of growth|regulation of interferon-gamma-mediated signaling pathway|regulation of protein phosphorylation|regulation of receptor signaling pathway via JAK-STAT|regulation of tyrosine phosphorylation of STAT protein",cytoplasm|cytoplasmic ribonucleoprotein granule|cytoplasmic vesicle|cytosol|nucleoplasm|nucleus|phosphatidylinositol 3-kinase complex
20614FDGP21T1_P01,G3,TICAM1,GEP00063379,TICAM1_63379_i0,ACCAGCTCAAGACCCCTACA,CTCGTCCCCTGCTGCAAA,NM_174989.4,NM_174989,Ticam1,Tr|TRIF|TICAM|TICAM-1|AW046014|AW547018,toll-like receptor adaptor molecule 1,protein binding|protein kinase binding|protein kinase binding,MyD88-independent toll-like receptor signaling pathway|TRIF-dependent toll-like receptor signaling pathway|TRIF-dependent toll-like receptor signaling pathway|TRIF-dependent toll-like receptor signaling pathway|apoptotic process|apoptotic signaling pathway|cellular response to lipopolysaccharide|cellular response to oxidised low-density lipoprotein particle stimulus|defense response to virus|immune system process|inflammatory response|innate immune response|innate immune response|lipopolysaccharide-mediated signaling pathway|lipopolysaccharide-mediated signaling pathway|macrophage activation involved in immune response|positive regulation of B cell activation|positive regulation of B cell proliferation|positive regulation of I-kappaB kinase/NF-kappaB signaling|positive regulation of I-kappaB kinase/NF-kappaB signaling|positive regulation of I-kappaB kinase/NF-kappaB signaling|positive regulation of I-kappaB kinase/NF-kappaB signaling|positive regulation of I-kappaB kinase/NF-kappaB signaling|positive regulation of NF-kappaB transcription factor activity|positive regulation of NF-kappaB transcription factor activity|positive regulation of NF-kappaB transcription factor activity|positive regulation of autophagy|positive regulation of chemokine production|positive regulation of chemokine production|positive regulation of cytokine production involved in inflammatory response|positive regulation of cytokine production involved in inflammatory response|positive regulation of gene expression|positive regulation of gene expression|positive regulation of interferon-beta production|positive regulation of interleukin-6 production|positive regulation of myeloid dendritic cell cytokine production|positive regulation of myeloid dendritic cell cytokine production|positive regulation of natural killer cell activation|positive regulation of natural killer cell activation|positive regulation of nitric oxide biosynthetic process|positive regulation of protein binding|positive regulation of protein ubiquitination|positive regulation of tumor necrosis factor production|positive regulation of tumor necrosis factor production|positive regulation of tumor necrosis factor production|positive regulation of type I interferon production|regulation of protein-containing complex assembly|response to exogenous dsRNA|response to exogenous dsRNA|response to exogenous dsRNA|response to exogenous dsRNA|response to lipopolysaccharide|response to lipopolysaccharide,cytoplasm|cytoplasmic vesicle|cytosol|mitochondrion|ripoptosome
20614FDGP21T1_P01,H3,TNF,GEP00117706,TNF_117706_i0,GGGTGATCGGTCCCCAAA,TGAGGGTCTGGGCCATAGAA,NM_013693.,NM_001278601|NM_013693,Tnf,DI|Tn|DIF|TNF-|Tnfa|Tnfs|TNF-a|TNFSF2|Tnlg1f|Tnfsf1a|TNFalpha|TNF-alpha,tumor necrosis factor,cytokine activity|cytokine activity|cytokine activity|identical protein binding|protease binding|protease binding|protein binding|transcription cis-regulatory region binding|tumor necrosis factor receptor binding|tumor necrosis factor receptor binding|tumor necrosis factor receptor binding|tumor necrosis factor receptor binding|tumor necrosis factor receptor binding,"JNK cascade|MAPK cascade|activation of MAPK activity|activation of MAPKKK activity|activation of cysteine-type endopeptidase activity involved in apoptotic process|activation of cysteine-type endopeptidase activity involved in apoptotic process|animal organ morphogenesis|apoptotic process|apoptotic signaling pathway|calcium-mediated signaling|cell activation|cellular extravasation|cellular response to amino acid stimulus|cellular response to lipopolysaccharide|cellular response to lipopolysaccharide|cellular response to nicotine|cellular response to organic cyclic compound|chronic inflammatory response to antigenic stimulus|cortical actin cytoskeleton organization|defense response|defense response to Gram-positive bacterium|defense response to bacterium|detection of mechanical stimulus involved in sensory perception of pain|endothelial cell apoptotic process|epithelial cell proliferation involved in salivary gland morphogenesis|extracellular matrix organization|extrinsic apoptotic signaling pathway|extrinsic apoptotic signaling pathway|extrinsic apoptotic signaling pathway via death domain receptors|extrinsic apoptotic signaling pathway via death domain receptors|extrinsic apoptotic signaling pathway via death domain receptors|glucose metabolic process|humoral immune response|immune response|inflammatory response|inflammatory response|inflammatory response|intrinsic apoptotic signaling pathway in response to DNA damage|leukocyte activation involved in inflammatory response|leukocyte migration|leukocyte tethering or rolling|lipopolysaccharide-mediated signaling pathway|microglial cell activation|microglial cell activation|multicellular organism development|necroptotic signaling pathway|necroptotic signaling pathway|negative regulation of L-glutamate import across plasma membrane|negative regulation of alkaline phosphatase activity|negative regulation of amyloid-beta clearance|negative regulation of apoptotic process|negative regulation of apoptotic signaling pathway|negative regulation of bicellular tight junction assembly|negative regulation of bile acid secretion|negative regulation of blood vessel endothelial cell migration|negative regulation of branching involved in lung morphogenesis|negative regulation of cell population proliferation|negative regulation of cysteine-type endopeptidase activity involved in apoptotic process|negative regulation of cytokine production involved in immune response|negative regulation of endothelial cell proliferation|negative regulation of extrinsic apoptotic signaling pathway in absence of ligand|negative regulation of fat cell differentiation|negative regulation of gene expression|negative regulation of gene expression|negative regulation of glucose import|negative regulation of glucose import|negative regulation of heart rate|negative regulation of interleukin-6 production|negative regulation of lipid catabolic process|negative regulation of mitotic cell cycle|negative regulation of myelination|negative regulation of myoblast differentiation|negative regulation of myosin-light-chain-phosphatase activity|negative regulation of osteoblast differentiation|negative regulation of oxidative phosphorylation|negative regulation of production of miRNAs involved in gene silencing by miRNA|negative regulation of protein-containing complex disassembly|negative regulation of signaling receptor activity|negative regulation of systemic arterial blood pressure|negative regulation of transcription by RNA polymerase II|negative regulation of transcription by RNA polymerase II|negative regulation of transcription by RNA polymerase II|negative regulation of transcription by RNA polymerase II|negative regulation of transcription, DNA-templated|negative regulation of vascular wound healing|negative regulation of viral genome replication|osteoclast differentiation|positive regulation of DNA biosynthetic process|positive regulation of DNA-binding transcription factor activity|positive regulation of I-kappaB kinase/NF-kappaB signaling|positive regulation of I-kappaB kinase/NF-kappaB signaling|positive regulation of I-kappaB kinase/NF-kappaB signaling|positive regulation of I-kappaB kinase/NF-kappaB signaling|positive regulation of I-kappaB kinase/NF-kappaB signaling|positive regulation of I-kappaB phosphorylation|positive regulation of JNK cascade|positive regulation of JNK cascade|positive regulation of JUN kinase activity|positive regulation of MAP kinase activity|positive regulation of NF-kappaB transcription factor activity|positive regulation of NF-kappaB transcription factor activity|positive regulation of NF-kappaB transcription factor activity|positive regulation of NIK/NF-kappaB signaling|positive regulation of NIK/NF-kappaB signaling|positive regulation of action potential|positive regulation of amyloid-beta formation|positive regulation of apoptotic process|positive regulation of apoptotic process|positive regulation of blood microparticle formation|positive regulation of calcidiol 1-monooxygenase activity|positive regulation of calcineurin-NFAT signaling cascade|positive regulation of cell adhesion|positive regulation of cell population proliferation|positive regulation of chemokine (C-X-C motif) ligand 2 production|positive regulation of chemokine production|positive regulation of chronic inflammatory response to antigenic stimulus|positive regulation of cysteine-type endopeptidase activity involved in apoptotic process|positive regulation of cysteine-type endopeptidase activity involved in execution phase of apoptosis|positive regulation of cytokine production|positive regulation of cytokine production involved in inflammatory response|positive regulation of extrinsic apoptotic signaling pathway|positive regulation of fever generation|positive regulation of fractalkine production|positive regulation of gene expression|positive regulation of gene expression|positive regulation of gene expression|positive regulation of glial cell proliferation|positive regulation of hair follicle development|positive regulation of hepatocyte proliferation|positive regulation of heterotypic cell-cell adhesion|positive regulation of heterotypic cell-cell adhesion|positive regulation of humoral immune response mediated by circulating immunoglobulin|positive regulation of inflammatory response|positive regulation of interferon-gamma production|positive regulation of interleukin-1 beta production|positive regulation of interleukin-18 production|positive regulation of interleukin-33 production|positive regulation of interleukin-6 production|positive regulation of interleukin-6 production|positive regulation of interleukin-6 production|positive regulation of interleukin-8 production|positive regulation of leukocyte adhesion to arterial endothelial cell|positive regulation of leukocyte adhesion to vascular endothelial cell|positive regulation of membrane protein ectodomain proteolysis|positive regulation of mitotic nuclear division|positive regulation of neuron apoptotic process|positive regulation of neuron apoptotic process|positive regulation of neutrophil activation|positive regulation of nitric oxide biosynthetic process|positive regulation of nitric-oxide synthase activity|positive regulation of nitrogen compound metabolic process|positive regulation of osteoclast differentiation|positive regulation of oxidative stress-induced neuron death|positive regulation of peptidyl-serine phosphorylation|positive regulation of peptidyl-serine phosphorylation|positive regulation of phagocytosis|positive regulation of phosphatidylinositol 3-kinase signaling|positive regulation of podosome assembly|positive regulation of pri-miRNA transcription by RNA polymerase II|positive regulation of programmed cell death|positive regulation of protein catabolic process|positive regulation of protein kinase B signaling|positive regulation of protein kinase B signaling|positive regulation of protein kinase activity|positive regulation of protein localization to cell surface|positive regulation of protein localization to plasma membrane|positive regulation of protein localization to plasma membrane|positive regulation of protein phosphorylation|positive regulation of protein transport|positive regulation of protein transport|positive regulation of protein-containing complex assembly|positive regulation of protein-containing complex disassembly|positive regulation of receptor signaling pathway via JAK-STAT|positive regulation of smooth muscle cell proliferation|positive regulation of superoxide dismutase activity|positive regulation of synaptic transmission|positive regulation of synaptic transmission|positive regulation of synoviocyte proliferation|positive regulation of transcription by RNA polymerase II|positive regulation of transcription by RNA polymerase II|positive regulation of transcription by RNA polymerase II|positive regulation of transcription by RNA polymerase II|positive regulation of transcription, DNA-templated|positive regulation of transcription, DNA-templated|positive regulation of translational initiation by iron|positive regulation of tyrosine phosphorylation of STAT protein|positive regulation of vascular associated smooth muscle cell proliferation|positive regulation of vitamin D biosynthetic process|protein kinase B signaling|protein localization to plasma membrane|regulation of I-kappaB kinase/NF-kappaB signaling|regulation of branching involved in salivary gland morphogenesis|regulation of branching involved in salivary gland morphogenesis|regulation of cell population proliferation|regulation of cell population proliferation|regulation of endothelial cell apoptotic process|regulation of establishment of endothelial barrier|regulation of immunoglobulin production|regulation of inflammatory response|regulation of insulin secretion|regulation of osteoclast differentiation|regulation of protein phosphorylation|regulation of protein secretion|regulation of reactive oxygen species metabolic process|regulation of synapse organization|regulation of transcription by RNA polymerase II|response to glucocorticoid|response to lipopolysaccharide|response to organic substance|response to virus|sequestering of triglyceride|signal transduction|toll-like receptor 3 signaling pathway|tumor necrosis factor-mediated signaling pathway|tumor necrosis factor-mediated signaling pathway|tumor necrosis factor-mediated signaling pathway|vascular endothelial growth factor production|vasodilation",cell surface|cell surface|cytoplasm|external side of plasma membrane|external side of plasma membrane|extracellular region|extracellular space|extracellular space|extracellular space|integral component of membrane|integral component of plasma membrane|integral component of plasma membrane|intracellular anatomical structure|membrane|membrane raft|membrane raft|neuronal cell body|phagocytic cup|plasma membrane|recycling endosome|secretory granule
20614FDGP21T1_P01,A4,NA,,,,,,,,,,,,
20614FDGP21T1_P01,B4,NA,,,,,,,,,,,,
20614FDGP21T1_P01,C4,NA,,,,,,,,,,,,
20614FDGP21T1_P01,D4,NA,,,,,,,,,,,,
20614FDGP21T1_P01,E4,NA,,,,,,,,,,,,
20614FDGP21T1_P01,F4,NA,,,,,,,,,,,,
20614FDGP21T1_P01,G4,NA,,,,,,,,,,,,
20614FDGP21T1_P01,H4,NA,,,,,,,,,,,,
20614FDGP21T1_P01,A5,NA,,,,,,,,,,,,
20614FDGP21T1_P01,B5,NA,,,,,,,,,,,,
20614FDGP21T1_P01,C5,NA,,,,,,,,,,,,
20614FDGP21T1_P01,D5,NA,,,,,,,,,,,,
20614FDGP21T1_P01,E5,NA,,,,,,,,,,,,
20614FDGP21T1_P01,F5,NA,,,,,,,,,,,,
20614FDGP21T1_P01,G5,NA,,,,,,,,,,,,
20614FDGP21T1_P01,H5,NA,,,,,,,,,,,,
20614FDGP21T1_P01,A6,NA,,,,,,,,,,,,
20614FDGP21T1_P01,B6,NA,,,,,,,,,,,,
20614FDGP21T1_P01,C6,NA,,,,,,,,,,,,
20614FDGP21T1_P01,D6,NA,,,,,,,,,,,,
20614FDGP21T1_P01,E6,NA,,,,,,,,,,,,
20614FDGP21T1_P01,F6,NA,,,,,,,,,,,,
20614FDGP21T1_P01,G6,NA,,,,,,,,,,,,
20614FDGP21T1_P01,H6,NA,,,,,,,,,,,,
20614FDGP21T1_P01,A7,NA,,,,,,,,,,,,
20614FDGP21T1_P01,B7,NA,,,,,,,,,,,,
20614FDGP21T1_P01,C7,NA,,,,,,,,,,,,
20614FDGP21T1_P01,D7,NA,,,,,,,,,,,,
20614FDGP21T1_P01,E7,NA,,,,,,,,,,,,
20614FDGP21T1_P01,F7,NA,,,,,,,,,,,,
20614FDGP21T1_P01,G7,NA,,,,,,,,,,,,
20614FDGP21T1_P01,H7,NA,,,,,,,,,,,,
20614FDGP21T1_P01,A8,NA,,,,,,,,,,,,
20614FDGP21T1_P01,B8,NA,,,,,,,,,,,,
20614FDGP21T1_P01,C8,NA,,,,,,,,,,,,
20614FDGP21T1_P01,D8,NA,,,,,,,,,,,,
20614FDGP21T1_P01,E8,NA,,,,,,,,,,,,
20614FDGP21T1_P01,F8,NA,,,,,,,,,,,,
20614FDGP21T1_P01,G8,NA,,,,,,,,,,,,
20614FDGP21T1_P01,H8,NA,,,,,,,,,,,,
20614FDGP21T1_P01,A9,NA,,,,,,,,,,,,
20614FDGP21T1_P01,B9,NA,,,,,,,,,,,,
20614FDGP21T1_P01,C9,NA,,,,,,,,,,,,
20614FDGP21T1_P01,D9,NA,,,,,,,,,,,,
20614FDGP21T1_P01,E9,NA,,,,,,,,,,,,
20614FDGP21T1_P01,F9,NA,,,,,,,,,,,,
20614FDGP21T1_P01,G9,NA,,,,,,,,,,,,
20614FDGP21T1_P01,H9,NA,,,,,,,,,,,,
20614FDGP21T1_P01,A10,NA,,,,,,,,,,,,
20614FDGP21T1_P01,B10,NA,,,,,,,,,,,,
20614FDGP21T1_P01,C10,NA,,,,,,,,,,,,
20614FDGP21T1_P01,D10,NA,,,,,,,,,,,,
20614FDGP21T1_P01,E10,NA,,,,,,,,,,,,
20614FDGP21T1_P01,F10,NA,,,,,,,,,,,,
20614FDGP21T1_P01,G10,NA,,,,,,,,,,,,
20614FDGP21T1_P01,H10,NA,,,,,,,,,,,,
20614FDGP21T1_P01,A11,NA,,,,,,,,,,,,
20614FDGP21T1_P01,B11,NA,,,,,,,,,,,,
20614FDGP21T1_P01,C11,NA,,,,,,,,,,,,
20614FDGP21T1_P01,D11,NA,,,,,,,,,,,,
20614FDGP21T1_P01,E11,NA,,,,,,,,,,,,
20614FDGP21T1_P01,F11,NA,,,,,,,,,,,,
20614FDGP21T1_P01,G11,NA,,,,,,,,,,,,
20614FDGP21T1_P01,H11,NA,,,,,,,,,,,,
20614FDGP21T1_P01,A12,NA,,,,,,,,,,,,
20614FDGP21T1_P01,B12,NA,,,,,,,,,,,,
20614FDGP21T1_P01,C12,NA,,,,,,,,,,,,
20614FDGP21T1_P01,D12,NA,,,,,,,,,,,,
20614FDGP21T1_P01,E12,NA,,,,,,,,,,,,
20614FDGP21T1_P01,F12,NA,,,,,,,,,,,,
20614FDGP21T1_P01,G12,NA,,,,,,,,,,,,
20614FDGP21T1_P01,H12,NA,,,,,,,,,,,,
